﻿<?xml version="1.0" encoding="UTF-8"?>
    <addon id="repository.zombi" name="Zombi Repository" version="0.0.2" provider-name="zombi">
        <requires>
            <import addon="xbmc.addon" version="12.0.0"/>
        </requires>
        <extension point="xbmc.addon.repository" name="Zombi Repository">
            <info compressed="false">http://zombirepo.000webhostapp.com/zombi/addons.xml</info>
            <checksum>http://zombirepo.000webhostapp.com/zombi/addons.xml.md5</checksum>
            <datadir zip="true">http://zombirepo.000webhostapp.com/zombi</datadir>
            <hashes>false</hashes>
        </extension>
        <extension point="xbmc.addon.metadata">
            <summary>arabic vod addon</summary>
            <description>for contact and help : @geekzombi or tunisia-sat.com</description>
            <platform>all</platform>
    </extension>
</addon>