<?xml version="1.0" encoding="UTF-8" standalone="yes"?>
<addon id="plugin.video.arabicvideos" name="Arabic Videos" version="1.3.2" provider-name="EMAD">
	<requires>
		<import addon="xbmc.python" version="2.1.0"/>
		<import addon="script.module.simplejson" version="3.3.0"/>
	</requires>
	<extension point="xbmc.python.pluginsource" library="MAIN.py">
		<provides>video</provides>
	</extension>
	<extension point="xbmc.addon.metadata">
			<summary lang="en"></summary>
			<description lang="en">Watch from a huge selection of Arabic Videos ...</description>
			<disclaimer lang="en">The author does not host or distribute any of the content displayed by this add-on</disclaimer>
			<platform>all</platform>
	</extension>
</addon>
